Job Title,Job Description,Company Name,Location
BI Engineer - Skate.,"Business Intelligence Engineer

We are looking for a Business Intelligence Engineer with broad technical skills to lead the evolution of our self service data tools & dashboards for Skate. You will report to the Director of Business Intelligence in the Data and Analytics organization, while working daily as an embedded partner within the Full Circle studio supporting Skate. At Full Circle we believe in creating an inclusive world inside and outside of our games for our players and our team. As a geo-diverse studio, our team members around the globe can either work from home, in the office or a hybrid of both. You will develop the dashboard-based solutions we have today while prototyping the AI-infused solutions of tomorrow. You will also stay informed of the latest tech and research on all aspects of BI and Analytics and will have experience delivering complex projects, including broad decision-making on technical decisions and implementation.

Responsibilities
You will develop interactive dashboards and other self-service tools, backed by semantic data models, to promote data-driven decisions across the team.
You will be involved in the entire development life cycle from brainstorming ideas to implementing elegant solutions.
You will gather requirements, model and design solutions to support decision-making and data maturity throughout the studio.
You will partner directly with analysts, product managers, and designers to understand their needs.
Qualifications
5+ years of relevant industry experience in BI engineering or tool development
Proficiency in writing advanced, performant SQL queries
Experience with UX/UI design and data visualization principles
Well versed in consuming large enterprise data sets (data measured in TB or PB)
Team player, initiative taker
Experience in any cloud environment (AWS, Azure, GCP)
Beneficial to Have
Experience with Looker development
Knowledge of or experience with video games
2+ years working experience with Python
Experience applying Large Language Models to accelerate your work
Experience working with unstructured datasets (freeform text responses)
Experience with Git
Experience in the physical and logical design of database architecture for relational databases, data warehouses and data lakes
Web development experience (HTML, React)



Ceci ne s'applique pas au Québec

BC COMPENSATION AND BENEFITS

The base salary ranges listed below are for the defined geographic market pay zones in these locations. If you reside outside of these locations, a recruiter will advise on the base salary range and benefits for your specific location. EA has listed the base salary ranges it in good faith expects to pay applicants for this role in the locations listed, as of the time of this posting. Salary offered will be determined based on numerous relevant business and candidate factors including, for example, education, qualifications, certifications, experience, skills, geographic location, and business or organizational needs.




BASE SALARY RANGES

British Columbia (depending on location e.g. Vancouver vs. Victoria): $96,400 - $133,900 CAN Annually

Base salary is just one part of the overall compensation at EA. We also offer a package of benefits including vacation (3 weeks per year to start), 10 days per year of sick time, paid top-up to EI/QPIP benefits up to 100% of base salary when you welcome a new child (12 weeks for maternity, and 4 weeks for parental/adoption leave), extended health/dental/vision coverage, life insurance, disability insurance, retirement plan to regular full-time employees. Certain roles may also be eligible for bonus and equity.


We are a global team of creators, storytellers, technologists, experience originators, innovators and so much more. We believe amazing games and experiences start with teams as diverse as the players and communities we serve. At Electronic Arts, the only limit is your imagination.",Electronic Arts,Vancouver
Senior Analytics Engineer,"Datatonic Americas is a full data stack consultancy. We aim to become the leading experts in Modern Data Stack consulting on the market.

To achieve our goal, we have the highest development standards & best practices, we share knowledge through learning sessions and our internal knowledge base, we participate in data communities and actively support the continuous growth of our team (conferences, training, certification, coaching, etc.).

Our clients range from the hottest scale-ups in North America to renowned public tech companies.




The role:

Analytic Engineers at Datatonic work on various types of engagements involving the Modern Data Stack. They bring their expertise on our technologies of choice: dbt, Looker, Snowflake, BigQuery, Google Cloud, Sigma, Fivetran, Mixpanel and Census. They lead engagements with our clients, working hand-in-hand with the Data Product Owner while supporting the team and contributing to the code when necessary.




Qualifications:
4-6 years of experience in a data role (Data Engineer, Data Analyst, Analytics Engineer, etc.)
2+ years hands-on experience with dbt, a modern Data Warehouse like Snowflake or BigQuery and Kimball modeling
Natural ability to manage multiple initiatives and clients
Proficiency in writing analytical SQL and understanding of the difference between SQL that works, and performant SQL
Experience with managing relationships (partners, clients, prospects, etc.)
Experience translating business requirements into technical solutions
Ability to communicate complex ideas in a simple way to a wide range of audiences
Strong ability to manage multiple concurrent engagements
Complete alignment with our culture of transparency, empathy, accountability and performance
English and French speaker (business proficiency)

Bonus points:

dbt Developer certification
Google Cloud Professional Data Engineer certification
Snowflake's Snowpro Certification
Experience with Scrum Methodology



What success looks like as a Senior Analytics Engineer:
Build outstanding rapport and reputation with clients
Supervise the activities of others and focus on higher level concepts
Sought out as mentor and known as the ""teammate of record"" in your team
Regularly scope and stage work into well-defined milestones
Active contribution to our internal Knowledge Base, Technical Tutorials and internal Analytics.
Lead adoption of new technologies and methodologies when necessary



Perks of working with us:
20 days paid vacation + 5 days of paid leave when the company closes (holiday season)
5 Wellness days (sickness, personal time, etc)
Group Retirement Savings Plan with matching contribution
Group insurance (extended health & dental) - individual premium paid 100%
100% employer-paid Tele-medicine
Home office budget - We are 100% remote
CAD $70/month (paid quarterly) for internet/phone expenses
CAD $1,500 every 3 years for tech accessories and office equipment (monitor, keyboard, mouse, desk, etc.) starting on Day 1
Company-supplied MacBook Pro
CAD $400/year for books (including a reading device if you need one)
Opportunities for paid certifications
Full access to Udemy Business for professional and personal learning
Regular company off-sites and meetups



Datatonic is an equal-opportunity employer. We're committed to building an inclusive team that welcomes a diversity of perspectives, people, and backgrounds regardless of race, color, national origin, gender, sexual orientation, age, religion, disability, citizenship, veteran status, or any other protected status. Our current team is made up of folks from very different backgrounds, including a former librarian, oceanographer and comic bookstore owner! If you are on the fence about whether you meet our requirements, we encourage you to apply anyway. Please reach out to us directly at join@datatonic.com if you need assistance or accommodation due to disability.

Datatonic is a UK based company with an Americas division based in Canada. The Canadian team is remote-only, mostly distributed across North and South America. This role is open to folks based anywhere in Canada.

Salary: CAD 115,000$ - CAD 125,000$",Datatonic,Montreal
Engineering Analyst (Chatham or North York) - Hybrid,"Work options: Hybrid


1 Year Contract
Hybrid: Chatham or North York


At Enbridge, our goal is to be the first-choice energy delivery company in North America and beyond—for customers, communities, investors, regulators and policymakers, and employees.

To meet that goal, Enbridge is partnering with Raise—a leading recruitment firm that specializes in IT, Technical, and Engineering staffing.

Together, Raise and Enbridge are building teams that are rising to meet the growing energy needs of North America. If you’re looking for a challenging role that will make the most of your skills while allowing you to make an impact, this is it.

Enbridge is hiring a Engineering Analyst II right now—when you apply, Raise will review your application within 48 hours and contact qualified applicants for interviews.


Responsibilities:

Perform data mining and analytics on gas distribution asset and inspection data.
Review and assess inspection data for quality and completeness.
Support the planning and execution of annual inspections to inform on asset health.
Coordinate inspection work with internal and external stakeholders to ensure delivery to plan.
Analyze and support the assessment of gas distribution hazards to support mitigation plans.
Provide analytical support to Integrity Engineers.
Develop charts and tables to report on gas distribution system assets.
Develop reports using analytical software and presentations.


Qualifications:

Must Have:

Engineering degree or equivalent
Minimum two-years of relevant experience or education
Share our core values of Integrity, Safety, Respect, Inclusion and High Performance


Nice to Have:

Excellent data analysis skills
Proficient with Excel, Python, IBM SPSS, Word, and PowerPoint
Excellent written and verbal communication skills


Please note: Successful applicants will be employees of Raise, working at Enbridge facilities with both Enbridge and contract employees.


Applying with Raise

Raise is an established IT and engineering hiring firm with over 60 years’ experience connecting talented candidates with meaningful work. When you apply, you’ll get more than just a chance at a great job—you’ll become part of a vast network of employers that are always changing.

We value diversity and inclusion and encourage all qualified people to apply. If we can make this easier through accommodation in the recruitment process, please contact us at +1 800-567-9675 or ECTC@raiserecruiting.com


#ENBC",Enbridge Contingent Talent Community,North York
Analytics Engineer,"Job Description:
Rakuten International oversees 7 businesses with over 4,000 employees globally. The brand is recognized for its leadership and innovation in e-commerce, digital content, advertising, entertainment, and communications, bringing the joy of discovery and access to more than 1 billion members across the world. Our teams deliver on the company’s mission to delight merchants and customers through innovation, optimism, and teamwork.
Rakuten Rewards is a leading e-commerce company that enhances the way people shop by offering Cash Back, deals and rewards from more than 3,500 merchants. Founded in 1999, Rakuten has grown to become the go-to shopping destination for consumers, having paid out nearly $2 billion in Cash Back to its 15 million members. The company also operates ShopStyle, a leading fashion discovery destination, and Cartera Commerce, a top rewards platform for airlines and banks. For more information, visit
www.rakuten.com
.

As a Product Analyst/Analytics Engineer, you will collaborate with product, engineering, and other teams as you translate complex data into strategic recommendations. You will develop solutions to complex business problems, and present data to enable data-driven decision making. You will help shape product development initiatives, optimize user experiences, and improve overall product performance. You will also own projects to elevate KPI reporting and be the expert on the data sets and data tools that are available.
KEY RESPONSIBILITIES:
Collaborate with Product and Engineering teams to identify opportunities, estimate impact, implement, and analyze tests.
Develop and maintain key performance indicators (KPIs) and dashboards to monitor product performance, identify trends, and generate actionable insights for stakeholders.
Perform ad hoc analysis to quickly solve time sensitive funnel conversion issues.
Collaborate with the development team to track and resolve data quality issues or discrepancies.
Support the development of data products and tools to facilitate self-service and enable analytics to scale across the company.
Provide technical expertise in extracting, integrating, and analyzing critical data.
MINIMUM REQUIREMENTS:
Strong SQL skills, comfortable working with large data sets like clickstream data on Snowflake.
2+ years of experience with Python or any other programming languages.
Experience working with reporting and visualization tools (Tableau preferred)
Strong interpersonal skills, both written and verbal, with the ability and confidence to succinctly convey complex information to senior management.
Strong analytical and problem-solving skills, with a keen attention to detail.
Experience with A/B testing is a plus.
QUALIFICATION REQUIREMENTS:
Bachelor’s or master’s degree in a relevant field (e.g., Data science, Statistics or Data Analytics).
2+ years professional experience in data analytics.
Ability to translate data-driven learnings into stories, actionable insights and communicate to key stakeholders.
Excellent team player and ability to work in a fast-paced environment, manage multiple tasks and meet deadlines.
Five Principles for Success
Our worldwide practices describe specific behaviors that make Rakuten unique and united across the world. We expect Rakuten employees to model these 5 Shugi Principles of Success.

Always improve, Always Advance - Only be satisfied with complete success - Kaizen
Passionately Professional - Take an uncompromising approach to your work and be determined to be the best
Hypothesize - Practice - Validate – Shikumika - Use the Rakuten Cycle to succeed in unknown territory
Maximize Customer Satisfaction - The greatest satisfaction for our teams is seeing their customers smile
Speed!! Speed!! Speed!! - Always be conscious of time - take charge, set clear goals, and engage your team
Rakuten provides equal employment opportunities to all employees and applicants for employment and prohibits discrimination and harassment of any type. Rakuten considers applicants for employment without regard to race, color, religion, age, sex, national origin, disability status, genetic information, protected veteran status, sexual orientation, gender, gender identity or expression, or any other characteristic protected by federal, state, provincial or local laws.",Rakuten,Toronto
Analytics Engineer (Financial Services),"Lightspeed Capital is growing quickly and we are looking for a talented and passionate Analytics Engineer to join our Capital Data team. This is a great opportunity to be a part of an early team and help define the data landscape for a very fast growing, global, Financial Services product.

If you have worked on data pipelines, have great communication skills, are familiar with data modelling and have helped teams to gather both predictive and historical insights, you might be a great fit for this role!

This role also involves collaborating with multiple functions across Lightspeed, including Application Engineering, Product, Operations, Risk and Finance among others.

What you’ll be responsible for:

Cleanse and transform raw data into business logic to help stakeholders build reports and data models
Ensure the right data gets to the right people at the right time
Collaborate with a Central Data Team to build data pipelines following shared best practices and design, and feed proper data models for usage
Act as a champion for data quality and usability across the Financial Services organization
Ensure availability, quality and searchability of data and documentation
Write, clean and maintainable queries and scripts that are highly performing, well structured and easy to understand and extend
Automate testing of data models and add appropriate validations to ensure quality
Help define and improve our internal standards for data models and infrastructure
Contribute to the roadmap for a new and fast-growing product

What you will bring to the team:

Experience with SQL and Python (or equivalent language)
Experience with MPP data warehouse (we use BigQuery)
Experience in performing data profiling, data mapping and data quality validation
Experience with data orchestrator
Understanding of industry standards for data warehousing and data modelling
Knowledge of data environments (we use GCP) as well as containerization solutions
Experience in source control, CI/CD and automated testing
A security mindset with the ability to work with compliance protocols (SOX, GDPR)
Excellent communication skills and ability to communicate with technical and non-technical stakeholders
Excellent problem-solving skills
Ability to work independently and in teams
Self motivated and great at taking initiative

Some additional things that would be a bonus:

Experience in the Payments or Financial Services domain
Experience in working with SaaS solutions
Solid knowledge of cloud services (AWS and GCP in particular)

What’s in it for you:
Join a growing team and help us move to the next level
Amazing benefits & perks, including equity for all Lightspeeders
Constant development of both your skill-set and business acumen with limitless growth opportunities
Lots of autonomy, flexible work culture
Innovation time to explore and learn at work
Shaping the company by joining cultural & technical committees
Tons of growth opportunities into technical or people management roles
Opportunity to join a fast-paced, high-growth company
Opportunity to learn, expand your skill set, forge wonderful relationships and make your mark within the diverse and inclusive Lightspeed family, a true Canadian tech success story



…. And enjoy a range of benefits that will keep you happy, healthy and (not) hungry.


Lightspeed equity scheme (we are all owners).
Flexible paid time off and remote work policies.
Health insurance.
Contributions to your pension plan - RRSP.
Health and wellness benefit of $500 per year.
Paid leave and assistance for new parents.
Mental health online platform and counselling & coaching services.
Training opportunities to grow your skills and career
Volunteer day.
Fully stacked kitchen (hot and cold beverages, meals served)
Happy hours to build your relationships with colleagues after work

To all recruitment agencies: Lightspeed does not accept unsolicited agency resumes. If we have not directly engaged your company in writing to supply candidates for a specific vacancy, Lightspeed will not be responsible for any fees related to unsolicited resumes.

Lightspeed is a proud equal opportunity employer and we are committed to creating an inclusive and barrier-free workplace. Lightspeed welcomes and encourages applications from people with disabilities. Accommodations are available on request for candidates taking part in all aspects of the selection process.

Where to from here?
Obviously, this has to be mutually beneficial: we want you to step into a role you love, and we want to offer you a place you’re proud to come to every day. .

Lightspeed is building communities through commerce, and we need people from all backgrounds and lived experiences to do that. We were founded in 2005, in Montreal’s gay village and our original members were all part of the LGBTQ+ community. The ethos of our business has been about inclusion from the very beginning, and we strive to provide a workplace where everyone belongs.

Who we are:
Powering the businesses that are the backbone of the global economy, Lightspeed's one-stop commerce platform helps merchants innovate to simplify, scale, and provide exceptional customer experiences. Our cloud commerce solution transforms and unifies online and physical operations, multichannel sales, expansion to new locations, global payments, financial solutions, and connection to supplier networks.

Founded in Montréal, Canada in 2005, Lightspeed is dual-listed on the New York Stock Exchange (NYSE: LSPD) and Toronto Stock Exchange (TSX: LSPD). With teams across North America, Europe, and Asia Pacific, the company serves retail, hospitality, and golf businesses in over 100 countries.


Lightspeed handles your information in accordance with our Applicant Privacy Statement.",Lightspeed,Montreal
Analytics Engineer,"Job Description:
Rakuten International oversees 7 businesses with over 4,000 employees globally. The brand is recognized for its leadership and innovation in e-commerce, digital content, advertising, entertainment, and communications, bringing the joy of discovery and access to more than 1 billion members across the world. Our teams deliver on the company’s mission to delight merchants and customers through innovation, optimism, and teamwork.
Rakuten Rewards is a leading e-commerce company that enhances the way people shop by offering Cash Back, deals and rewards from more than 3,500 merchants. Founded in 1999, Rakuten has grown to become the go-to shopping destination for consumers, having paid out nearly $2 billion in Cash Back to its 15 million members. The company also operates ShopStyle, a leading fashion discovery destination, and Cartera Commerce, a top rewards platform for airlines and banks. For more information, visit
www.rakuten.com
.

As a Product Analyst/Analytics Engineer, you will collaborate with product, engineering, and other teams as you translate complex data into strategic recommendations. You will develop solutions to complex business problems, and present data to enable data-driven decision making. You will help shape product development initiatives, optimize user experiences, and improve overall product performance. You will also own projects to elevate KPI reporting and be the expert on the data sets and data tools that are available.
KEY RESPONSIBILITIES:
Collaborate with Product and Engineering teams to identify opportunities, estimate impact, implement, and analyze tests.
Develop and maintain key performance indicators (KPIs) and dashboards to monitor product performance, identify trends, and generate actionable insights for stakeholders.
Perform ad hoc analysis to quickly solve time sensitive funnel conversion issues.
Collaborate with the development team to track and resolve data quality issues or discrepancies.
Support the development of data products and tools to facilitate self-service and enable analytics to scale across the company.
Provide technical expertise in extracting, integrating, and analyzing critical data.
MINIMUM REQUIREMENTS:
Strong SQL skills, comfortable working with large data sets like clickstream data on Snowflake.
2+ years of experience with Python or any other programming languages.
Experience working with reporting and visualization tools (Tableau preferred)
Strong interpersonal skills, both written and verbal, with the ability and confidence to succinctly convey complex information to senior management.
Strong analytical and problem-solving skills, with a keen attention to detail.
Experience with A/B testing is a plus.
QUALIFICATION REQUIREMENTS:
Bachelor’s or master’s degree in a relevant field (e.g., Data science, Statistics or Data Analytics).
2+ years professional experience in data analytics.
Ability to translate data-driven learnings into stories, actionable insights and communicate to key stakeholders.
Excellent team player and ability to work in a fast-paced environment, manage multiple tasks and meet deadlines.
Five Principles for Success
Our worldwide practices describe specific behaviors that make Rakuten unique and united across the world. We expect Rakuten employees to model these 5 Shugi Principles of Success.

Always improve, Always Advance - Only be satisfied with complete success - Kaizen
Passionately Professional - Take an uncompromising approach to your work and be determined to be the best
Hypothesize - Practice - Validate – Shikumika - Use the Rakuten Cycle to succeed in unknown territory
Maximize Customer Satisfaction - The greatest satisfaction for our teams is seeing their customers smile
Speed!! Speed!! Speed!! - Always be conscious of time - take charge, set clear goals, and engage your team
Rakuten provides equal employment opportunities to all employees and applicants for employment and prohibits discrimination and harassment of any type. Rakuten considers applicants for employment without regard to race, color, religion, age, sex, national origin, disability status, genetic information, protected veteran status, sexual orientation, gender, gender identity or expression, or any other characteristic protected by federal, state, provincial or local laws.",Rekuten Global,Toronto
Lead DBT/Analytics Engineer,"You will
Develop the best cloud architecture solutions to help the key stakeholders accomplish their strategic goals
Develop data solutions and processes to store, transform and retrieve company information
Build data models and develop an Enterprise Data Model at a large scale
Work with a team of cloud data engineers to install and configure information systems to ensure functionality
Analyze structural requirements for new software, applications and process
Migrate data from legacy systems to cloud solutions
Design conceptual and logical data models and flowcharts
Improve system performance by conducting tests, troubleshooting and integrating new elements
Optimize new and current data systems
Work with security and operations teams to define security and backup procedures
Coordinate with key stakeholders of all data workstreams across departments to identify future needs and requirements

You have
Experience with data transformation tools, orchestration tools and data warehouse. Snowflake, Airflow and DBT preferred.
In-depth understanding of data systems, process and structure principles
Knowledge of data modeling methods such as dimensional modeling, Vault, Star Schema, etc.
Knowledge of data mining and segmentation techniques
Effective communication skills (written and verbal) to properly articulate complicated cloud reports to management and other IT development partners
Exceptional team building and leadership skills
Experience in large-scale, secure, and high-availability solutions in Cloud environments such as Google Cloud (GCP)
Good understanding of GCP services such as IAM, and Google Cloud Storage buckets",Badal,Remote
Design and Product Analyst (Research),"Requisition ID: 202228

Join a purpose driven winning team, committed to results, in an inclusive and high-performing culture.


Is this role right for you?


You will participate and influence the design and product strategy for digital banking experiences across client journeys in trading, investing, and advice

You will understand our customers motivations and needs, leveraging rigorous design research and usability principles along with your intuitive design sense.

You will be data-driven and curious, identifying and proposing quantitative and qualitative opportunities for better reporting, analysis, and ultimately, decision making

You will work closely with CX Design teams focused on discovery work related to important client and advisor problems that we as an organization would like to help resolve. You will partner with product and design experts, including product managers, service designers, behavioural designers, and ux researchers leveraging quantitative and qualitative research methods

You will work closely with the leadership group for the trading investing and advice client journeys team, working with partners to pull appropriate data, create reports, and support strategy development


Do you have the skills that will enable you to succeed in this role?


Bachelors or master’s degree in quantitative/qualitative research methods or equivalent

Experience with Design, Humanities, Systems engineering or related fields (or equivalent work experience) considered an asset.

Experience working with large data sets to extract reports, leveraging basic tools like SQL, equivalent software

Passion and interest in digital product and experience design fields

Ability to communicate concepts, ideas and strategies of Digital Product and Experience Design

Ability to work within the constraints of a Design System with flexibility

A positive and resilient personality with a growth mentality. You must be able to embrace feedback and have a desire for continuous improvement.

We are looking for a fast learner who has an appetite to uncover what’s behind both simple and complex financial solutions.

Proficiency in the use of digital design and prototyping tools such as Figma, Sketch and/or Adobe Creative Suite, Invision, Axure, Proto.io, etc.

Strong understanding of Human-centred Design practices, including Design thinking methodologies, research, and user testing protocols, as well as Agile frameworks.


What's in it for you?



Diversity, Equity, Inclusion & Allyship - We strive to create an inclusive culture where every employee is empowered to reach their fullest potential, respected for who they are, and are embraced through bias-free practices and inclusive values across Scotiabank. We embrace diversity and provide opportunities for all employee to learn, grow & participate through our various Employee Resource Groups (ERGs) that span across diverse gender identities, ethnicity, race, age, ability & veterans.
Accessibility and Workplace Accommodations - We value the unique skills and experiences each individual brings to the Bank, and are committed to creating and maintaining an inclusive and accessible environment for everyone. Scotiabank continues to locate, remove and prevent barriers so that we can build a diverse and inclusive environment while meeting accessibility requirements.
Upskilling through online courses, cross-functional development opportunities, and tuition assistance.
Competitive Rewards program including bonus, flexible vacation, personal, sick days and benefits will start on day one.
Community Engagement - no matter where you choose to work from; we offer opportunities for community engagement & belonging with our various programs such as hackathons, contests, cooking with friends, Humans of Digital and much more!


Location(s): Canada : Ontario : Toronto

Scotiabank is a leading bank in the Americas. Guided by our purpose: ""for every future"", we help our customers, their families and their communities achieve success through a broad range of advice, products and services, including personal and commercial banking, wealth management and private banking, corporate and investment banking, and capital markets.

At Scotiabank, we value the unique skills and experiences each individual brings to the Bank, and are committed to creating and maintaining an inclusive and accessible environment for everyone. If you require accommodation (including, but not limited to, an accessible interview site, alternate format documents, ASL Interpreter, or Assistive Technology) during the recruitment and selection process, please let our Recruitment team know. Candidates must apply directly online to be considered for this role. We thank all applicants for their interest in a career at Scotiabank; however, only those candidates who are selected for an interview will be contacted.",Scotiabank,Toronto
Engineering Analyst- Supply Chain,"Engineering Analyst- Supply Chain
Are you someone who excels in collaborative environment and values teamwork?
As an engineering analyst- supply chain, you will be responsible for working with a team of engineers and analysts in conducting process and data analysis on assigned projects. You will collaborate with project stakeholders in collecting project requirements, developing process maps, conducting detailed data analysis, and time study.
In this role, the successful candidate needs to be onsite at our Langley, BC distribution center.
Join our collaborative team and make an impact as an engineering analyst- supply chain!
What you’ll do:
Apply Lean Six Sigma principles to identify optimization opportunities in existing business processes
Gather project requirements by working with other members of the engineering team and other stakeholders
Perform various detailed data analysis on performance metrics across the distribution center
Support major project planning and implementation
Develop forecasting models for processed data
Perform quantitative simulation
What we’re looking for:
Bachelor’s Degree in Engineering
Minimum 1 year of prior experience
Certified Lean and Six Sigma Green Belt
Experience with data analytics, SQL (PL/SQL), VBA, MS Office Suite (Word, Excel, PowerPoint)
Knowledge of BI (Tableau, Power BI), Statistics, MS vision and Auto CAD is preferred
Why you’ll love it here:
Employee discounts on awesome tech from day one
Flexible health benefits and wellness program
TFSA and RRSP programs
100% matched company pension plan
Training programs to build new and transferable skills
About Best Buy
As Canada's destination for the coolest tech, Best Buy offers one of the best work environments in the country! Annually recognized as one of Canada’s Top 100 Employers, our culture is one of inclusivity and belonging and provides employees an environment where they can bring their whole selves to work.
We believe in a fair and inclusive hiring process. We encourage you to apply even if you may not meet all the requirements.
Join our amazing team!
We are looking for people just like you.
Base pay range
Annual salary: $70,000.00 - $75,000.00
19890 - 92A Avenue, Langley, BC V1M 3A9",Best Buy,Langley
Engineering Manager - Business Intelligence (Remote - Canada),"Summary
Yelp engineering culture is driven by our values: we’re a cooperative team that values individual authenticity and encourages creative solutions to problems. All new engineers deploy working code their first week, and we strive to broaden individual impact with support from managers, mentors, and teams. At the end of the day, we’re all about helping our users, growing as engineers, and having fun in a collaborative environment.

Are you passionate about leveraging data as a product (DaaP) and data visualization? As an Engineering Manager on Yelp’s Business Intelligence team, you’ll work with partners and stakeholders across Yelp, including our Executive Leadership, Finance, BizOps, Product, Data Science, Data Engineering, Marketing, and People teams, to provide relevant data for key business decisions. You will lead, grow, and inspire a team of skilled Business Intelligence Analysts while sharing your passion for data orchestration and visualization.

Our Business Intelligence team is dedicated to empowering Yelp's leadership and analytics teams with trusted and reusable data visualizations, data warehousing products, and BI platform support. The work of this team continuously evolves with our company’s needs and is critical to Yelp’s data driven decision making.

This opportunity is fully remote and does not require you to be located in any particular area in Canada. We welcome applicants from throughout Canada. We’d love to have you apply, even if you don’t feel you meet every single requirement in this posting. At Yelp, we’re looking for great people, not just those who simply check off all the boxes.

What you'll do:
Collaborate with stakeholders, partners and leadership to craft a vision, build the team’s technical roadmap and drive the team’s success.
Partner with engineering and product teams, as well as members of Yelp’s executive team, to design and deliver BI solutions, including datasets, self-serve and dashboards.
Lead teams that work cross-functionally to collect data and develop analytical capabilities.
Manage, coach, and mentor a team of BI Analysts with all experience levels.
Keep the team engaged and productive by removing obstacles and optimizing team processes.
Manage multiple projects simultaneously, prioritize tasks effectively, and adapt to changing priorities in a fast-paced environment.
Foster and build a fun, diverse, and inclusive culture that reflects Yelp’s values.

What it takes to succeed:
Previous experience as a technical lead and/or people-first-manager.
Ability to think strategically, understanding gaps and business needs to set the team up for success.
Strong knowledge of Business Intelligence best practices and industry standards to make organizational-level recommendations as needed.
Comfortable in your favorite visualization tools such as Tableau, Power BI, Google Analytics, etc.
Previous experience fostering cross-functional relationships across business stakeholders, leadership, product, data engineering and other partner teams.

What you'll get:
Compensation range is $160,000-190,000 annually. Depending on your role and level, you may also be offered a bonus, restricted stock units, and benefits.
This opportunity has the option to be fully remote in all locations across Canada.
You can find more information about Yelp's five star benefits here!

Closing
At Yelp, we believe that diversity is an expression of all the unique characteristics that make us human: race, age, sexual orientation, gender identity, religion, disability, and education — and those are just a few. We recognize that diverse backgrounds and perspectives strengthen our teams and our product. The foundation of our diversity efforts are closely tied to our core values, which include “Playing Well With Others” and “Authenticity.”

We’re proud to be an equal opportunity employer and consider qualified applicants without regard to race, color, religion, sex, national origin, ancestry, age, genetic information, sexual orientation, gender identity, marital or family status, veteran status, medical condition, disability, or any other protected status.

We are committed to providing reasonable accommodations for individuals with disabilities in our job application process. If you need assistance or an accommodation due to a disability, you may contact us at accommodations-recruiting@yelp.com or 1-415-969-8488.

Note: Yelp does not accept agency resumes. Please do not forward resumes to any recruiting alias or employee. Yelp is not responsible for any fees related to unsolicited resumes.

#LI-Remote

Recruiting and Applicant Privacy Notice",Yelp,Remote
"Corporate Project Manager, Reporting and Analytics","About Our Client: Our client is a leading B2B tech firm in the reward management and sales performance industry.

Position Scope: As the direct report to the CEO, the Corporate Project Manager assumes the role of acting as a conduit between the CEO and the leadership team in helping to build a CEO Dashboard that will organise, track and report on a number of core metrics including:

1. Daily, weekly, MTD and YTD corporate financial results: Tracking new client metrics against budgets

2. Monthly overheads versus budget and prior years

3. Major project tracking including: Project summary – core objectives, Estimated gross sales and margins by core project , IT deliverable schedules, Launch date – on track or changes

4. Sales Pipeline Tracking

5. Leadership Team Metrics – weekly and monthly KPI tracking

This entails establishing and maintaining data tracking and analysis infrastructure, as well as managing data collection, compilation, analysis, and application for executive-level reporting, strategic decision-making and project tracking. Additionally, the role encompasses the analysis and synthesis of reports tailored for both internal and external stakeholders including the companies Private Equity team and their daily, weekly and monthly reporting package. The Corporate Project Manager ensures proficient recording, monitoring, and reporting of data, while also crafting performance measures and indicators to enhance organizational effectiveness. This individual will ensure smooth project operations and deliverables to the CEO and the Private Equity Firm.

Responsibilities:

Collaborates with internal stakeholders such as Sales, Finance, IT and Customer Success to facilitate the identification and development of data tools essential for enhancing quality assurance, control, and overall operational efficiency.
Serves as a trusted strategic partner to the CEO, fostering collaborative efforts across teams to track projects, data analytics and generate valuable insights for the CEO and PE Firm.
Coordinates the creation and dissemination of dashboards and reports highlighting pertinent data trends, while identifying relevant data sources to fulfill reporting needs.
Tracks key metrics within sales, finance, and other critical projects to ensure performance alignment with organizational goals.
Establishes and communicates protocols for data collection, dissemination, and verification to ensure accuracy and reliability.
Manages and supports reporting requirements and research initiatives, including the design and implementation of evaluation methodologies and performance indicators.
Takes the lead in developing and implementing business intelligence tools to enhance decision-making processes.
Prepares and organizes data for both internal and external reporting purposes.
Supports the development and execution of data strategies across various organizational levels as needed.
Provides statistical insights to inform policy and procedural development.
Generates ad-hoc reports and dashboards to address specific informational needs

Required Skills and Knowledge:

Demonstrates strong capabilities in report writing, research, and project management, adhering to tight deadlines while effectively interpreting complex statistical data.
Creates visualizations, reports, and dashboards to monitor strategic Key Performance Indicators (KPIs) for both internal and external stakeholders.
Establishes a solid track record of engaging with senior leadership, executives, and partners to deliver in-depth data analysis.
Advocates for the adoption of new tools or methodologies to enhance data analytics and reporting capabilities.
Works autonomously, taking proactive ownership of key projects and supporting the implementation of strategic initiatives.
Exhibits exceptional problem-solving and analytical skills, with the ability to present complex information in a clear and concise manner.
Demonstrates prowess in team building and collaboration, fostering strategic partnerships with internal clients and external vendors.

Education and Experience:

Possesses a degree in Business Administration or a related field, preferred.
Brings a minimum of 5 years of experience in statistical data analysis, project management, database design, program evaluation, and report writing.
Previous experience providing project-based reporting for a PE firm is an asset.
Demonstrates proficiency in data management, integrating business intelligence and data collection methodologies for analysis, tracking, and reporting purposes.

Summit Search Group is a fair and equitable search firm. We welcome and encourage applications from people with disabilities. Accommodations are available on request for candidates taking part in all aspects of the recruitment and selection process.

Job Types: Full-time, Permanent

Schedule:

Monday to Friday

Work Location: In person",Summit Search Group,Toronto
Logistics Engineering Analyst,"Master, for over 70 years
We lead in HVAC-R and have been recognized among Canada's best-managed companies since 2010. As the foremost private HVAC-R distributor in the nation, we have over 1,300 active employees across 55+ branches, 4 distribution centers, spanning from British Columbia to the Atlantic provinces, and nearly 30 branches in the United States.
A Great Place To Work
At Master, we offer a dynamic, stimulating, and enjoyable environment. With a strong belief in healthy and open communication, we embrace a close approach with all our colleagues. Teamwork is integral to our values, and it is through it that we achieve our greatest successes.

?? Join Our Team as a Logistics Engineering Analyst! ??
Are you a highly motivated and experienced professional with a passion for logistics and efficiency? Master is seeking a talented Logistics Engineering Analyst to support our Eastern Region Distribution Centre and its management team. You'll play a crucial role in enhancing operational efficiency and driving continuous improvement initiatives. Ready to make a difference? Let's go! ??

What you will accomplish with us:

?? Continuous Improvement:

Identify key areas for process enhancement and cost reduction within the Distribution Centre and network.
Execute a comprehensive continuous improvement strategy aligned with our goals.

?? Process Analysis and Optimization:

Conduct a thorough analysis of processes and systems to find areas for improvement.
Design and implement process improvement initiatives using lean methodologies and Six Sigma principles.
Collaborate with cross-functional teams to develop standardized processes and best-in-class operational procedures.
Create training materials, work procedures (SOPs), and process models.
Develop performance metrics and KPIs to measure efficiency and track progress.

?? Data Analysis and Reporting:

Collect, analyze, and interpret operational data to identify trends and bottlenecks.
Generate reports and dashboards to communicate KPIs and project outcomes to stakeholders.
Navigate and make sense of raw data (SQL database).

?? Project Management and Training:

Manage process improvement projects from start to finish, ensuring goals, timelines, and budgets are met.
Coordinate with stakeholders, cross-functional teams, and external partners for successful project implementation.
Provide training and guidance on process improvement initiatives.

??? Distribution Center Design:

Oversee the design and layout of distribution centers to optimize space and material flow.
Collaborate with engineering and operations teams to implement design changes that enhance productivity and operational excellence.

What You Bring to Our Team:

?? Education & Experience:

Bachelor's degree in Industrial Engineering or related field (Advanced degree is a plus).
1 to 3 years of experience in a similar position, preferably in a Distribution Centre or logistics environment.

??? Skills & Knowledge:

Proven experience in process improvement using lean methodologies and Six Sigma principles.
Proficiency in data analysis and visualization tools (SQL, PowerBI, Alteryx required).
Strong project management skills with the ability to handle multiple projects simultaneously.
Knowledge of AutoCAD (required) for Distribution Center layout designs.
Advanced knowledge of Excel (VBA required) and Microsoft Office suite (Visio an asset).
Understanding of ERP and WMS software (SX Enterprise and TWL software an asset).

?? Personal Attributes:

Motivated self-starter with the ability to work independently or as part of a team.
Excellent communication and interpersonal skills.
Results-oriented with a passion for continuous improvement and operational excellence.

?? Location & Language:

Based in Boucherville, Quebec, with occasional travel required (Canada/US).
Proficiency in both English and French.

Ready to join an amazing team and drive our success to new heights? Apply now and let's make an impact together! ?????

Competitive Benefits: In addition to a rewarding career within our team, we offer

Medical and dental coverage from day one, along with short and long-term disability protection
Contribution to a collective registered retirement savings plan upon starting your role.
Wellness spending account
An employee assistance program including psychological, financial, and legal support.
Access to telemedicine from the beginning of your employment.
Reimbursement of professional association membership fees.
Early vacation program.
Flexible remote work policy",The Group Master,Boucherville
"Budget Analyst, Engineering","When applicable, Bombardier promotes flexible and hybrid work policies.

Why join us?

At Bombardier, we design, build and maintain the world’s peak-performing aircraft for the world’s most discerning people and businesses, governments and militaries. We have been successful in setting the highest standards by putting our people at the heart of it all, and defining excellence, together.


Working at Bombardier means operating at the highest level. Every day, you are part of a team that delivers superior experiences and products, pushing the boundaries of what's possible in our industry and beyond. By prioritizing employee growth and development, we empower everyone to reach their full potential on their own terms, because the best work happens when you are free to be yourself and share your unique expertise.

Bombardier’s Benefits Program

With our employees’ well-being top of mind, we offer a comprehensive and competitive Benefits Program, which includes the following:

Insurance plans (Dental, medical, life insurance, disability, and more)
Competitive base salary
Retirement savings plan
Employee Assistance Program
Tele Health Program
What are your contributions to the team?

The role of Budget Analyst, Engineering is to control, plan and manage the various budgetary aspect for the Engineering and Product Developmentt group. This include supporting the yearly budget planification and quarterly forecast phases, updating & tracking on weekly / monthly basis budget actual spend, reviewing & analyzing budget actual data and supporting and / or developing the required reporting tools / reports. You will be reporting to the Governance, Strategy and Budget management group of Engineering and Product Development.




Manage weekly/monthly budget tracking and reporting for various budget categories (Clocking hours, capitalize budget, indirect hours, other direct cost, major department expenses…);
Participate in annual budget planification and quarterly reforecast exercises;
Validate data reported in weekly/monthly Finance team reports to ensure data accuracy and to identify/resolve any discrepancies;
Analyze budget spend and give visibility to management on the risks and opportunities;
Lead and/or participate in review meeting with engineering, programs office and finance group to ensure that the budget is aligned and respected with the allocated envelopes;
Maintain, develop and/or improved Power BI reports / dashboard to provide budget status visibility
Participate in tools and report development to facilitate data analysis and reporting.
How to thrive in this role?



You have a minimum of 5 years of experience in Finances, Project Management or Business Administration;
You hold a bachelor’s degree in Finances, Engineering, Business Administration or equivalent;
You have strong financial skills with an analytical mind;
You are autonomous, rigorous, organized and quality-focused
You have very good computer skills (MS Office; advanced Excel, intermediate Power Point, advanced Power BI, intermediate SQL);
You are comfortable interacting/presenting to all levels of management, including senior leadership
You work effectively with cross-functional teams
You have strong bilingual oral & written skills.


Please note: You don’t need all the skills, knowledge, and experience listed for this position! We’re not looking for the perfect candidate, we’re looking for great talent and resourcefulness.


Bombardier is an equal opportunity employer and encourages persons of any race, religion, ethnicity, gender identity, sexual orientation, age, immigration status, disability or other applicable legally protected characteristics to apply.


Job Budget Analyst, Engineering

Primary Location Administrative Centre (CA)

Organization Aerospace Canada

Shift Day job

Employee Status Regular

Requisition 4467 Budget Analyst, Engineering",Bombardier,Dorval
Analyste multidisciplinaire en mécanique / Multi-Disciplinary Mechanical Analyst,"Date d’affichage / Date Posted:

2024-03-25

Pays / Country:

Canada

Emplacement / Location:

LOC13052 1000 Boul Marie Victorin,Longueuil,Quebec,J4G 1A1,Canada

English version will follow:

Qui nous sommes

Chez Pratt & Whitney, nous croyons que le vol motorisé a transformé, et continuera de transformer, le monde. C'est pourquoi nous travaillons avec un cœur d'explorateur et un acharnement de perfectionniste à concevoir, produire et entretenir les moteurs d'avion les plus avancés et les plus fiables du monde. Notre portefeuille diversifié - composé de moteurs commerciaux et militaires ainsi que de moteurs destinés à l'aviation d'affaires, générale et régionale, et aux hélicoptères – nous permet, ainsi qu’à nos clients, de passer du possible au réel. C'est ainsi que, chez Pratt & Whitney, nous abordons notre travail et ce qui nous inspire à nous dépasser.

Quelles sont nos attentes ?
Analyste Mécanique Multidisciplinaire: Expérience et/ou éducation en analyse structurale (contraintes, thermique, modale, dynamique), fluidique (CFD, Hydrodynamique) et analyse de durabilité (fatigue/fretting/usure). Vous aurez l'opportunité de développer une vaste gamme de connaissances et compétences tant sur le plan analytique que pratique.

À quoi ressemblera votre quotidien ?
Au sein d’une équipe de recherche et développement d’un nouveau type de moteur aéronautique, le New Small Engine (""NSE""), vous aurez à:

Contribuer au développement des composantes principales (core) du moteur pour en optimiser le rapport poids/puissance et l’efficacité tout en rencontrant les requis de durabilité.

Développer, valider et améliorer des modèles de simulations de composants et de systèmes en se basant sur les résultats d’essais et l’inspection de l'état des composants à la suite des essais.

Analyser par éléments finis (thermique, statique non-linéaire, modale, harmonique) et dynamique des fluides numériques (CFD/CHT). Simulation dynamique avec corps déformables et modèles de lubrification (EHD/mixte). Analyse multi-physique par couplage de différents logiciels.

Analyser la durabilité (fatigue/fretting et usure) et la lubrification.

Effectuer, planifier ou coordonner des essais de matériaux (fatigue/fluage, tribologie). Afficher le poste envoyé aux employés permanents de l'ingénierie.

Collaborer étroitement avec les ingénieurs d'assemblage et de test. Spécifier les procédures de test et les instruments. Analyser des données de test, y compris les températures, les pressions/contraintes/vibrations.

Participer aux investigations et aux analyses des causes fondamentales.

Ce dont vous avez besoin pour réussir

Baccalauréat en ingénierie ou l'équivalent avec deux (2) à dix (10) ans d’expérience.

Maîtrise ou doctorat dans un domaine pertinent sera considéré comme un atout.

Le candidat doit être adaptable, motivé et avoir démontré des capacités à travailler efficacement dans le cadre de délais de projet serrés.

Curiosité, initiative et excellentes capacités d’auto-apprentissage.

Raisonnement analytique et habileté à résoudre des problèmes complexes. Capacité de travailler avec un minimum de procédures suivant les principes fondamentaux.

Aptitudes et intérêts en programmation (automatisation des analyses, analyses de données).

Connaissance fondamentale de la méthode des éléments finis et des logiciels Ansys Mechanical et APDL.

Connaissance des logiciels Catia V5 (base), Matlab, CFX

Capacité de communiquer en français à l'oral et à l'écrit. Travail en présentiel requis.

Ce que nous offrons

Programme de congé à rémunération différée

Programmes d’avancement professionnel et de scolarisation

Horaires flexibles

Programmes et formations sur le leadership

Gamme d’avantages sociaux, régime d’épargne et régime de retraite

Programme d’aide de financement pour les congés parentaux

Programme de reconnaissance et de récompense


Diversité, Équité et Inclusion
Le générique masculin est utilisé sans discrimination et uniquement dans le but d'alléger le texte. P&WC souscrit au principe de l’équité en matière d’emploi et est déterminé à encourager la diversité et l’inclusion. Nous sommes heureux d’étudier la demande d’emploi de tous les candidats qualifiés, sans égard à leur race, couleur, religion, orientation sexuelle, genre, nationalité d’origine, âge, handicap, statut d’ancien combattant ou tout autre statut protégé par la loi.

****************************************************************

Who we are

At Pratt & Whitney, we believe that powered flight has transformed – and will continue to transform – the world. That’s why we work with an explorer’s heart and a perfectionist’s grit to design, build, and service the world’s most advanced aircraft engines. We do this across a diverse portfolio – including Commercial Engines, Military Engines, Business Aviation, General Aviation, Regional Aviation, and Helicopter Aviation – and as a way of turning possibilities into realities for our customers. This is how we at Pratt & Whitney approach our work, and this is why we are inspired to go beyond.

What are our expectations?
Multidisciplinary powerplant mechanical analyst: Background in structural analysis (Stress, thermal, modal, dynamic), fluid mechanics (CFD, hydrodynamics) and durability analysis (fretting/fatigue/wear). This job will allow the candidate to develop with a wide range of knowledge and competencies, covering and cross-linking theoretical and practical.

What your day to day will look like?

Part of the research and development on a new type of engine, the New Small Engine (""NSE"") different from a gas turbine, you will:

Contribute to develop engine core components for optimum power-to-weight & efficiency while meeting durability requirements.

Develop, validate, and improve system and component-level models based on test results & post-test hardware inspection.

Finite element analysis (thermal, static nonlinear, modal, harmonic) et fluid dynamics (CFD/CHT). Multiple-body Simulation (MBS) with lubrication models (EHD/mixed). Multi-physics analysis through software coupling.

Durability analysis (fatigue/fretting/wear) and lubrication (EHD/mixed/boundary).

Perform, plan and coordinate material testing (Creep/Fatigue and/or Tribology).

Close collaboration with Assembly & Test engineers. Specify test procedures & instrumentation. Test data analysis including temperatures, pressures/stress/vibration.

Support investigations & root cause analysis.

The tools you need to be successful

Bachelor in mechanical engineering or equivalent with 4 to 10 years of experience.

Master in a relevant discipline will be considered an asset.

Candidate must be adaptable, self-motivated, and have demonstrated abilities to work effectively under aggressive project timelines.

Curious with initiative and strong self-learning capabilities.

Analytical thinking and aptitudes towards the resolution of complex problems. Capacity to work with minimal instructions, following first principles.

Programming skills and interests (process automation, data analysis…).

Fundamental Knowledge of the Finite Element Method as well as Ansys Mechanical and APDL.

Functional in Catia V5, Matlab, CFX/Fluent.

Functional French Communication (Oral & Written). On-site presence is required.

What we offer

Long-term deferred compensation programs

Advancement programs to enhance education skills

Flexible work schedules

Leadership and training programs

Comprehensive benefits, savings and pension plans

Financial support for parental leave

Reward programs for outstanding work

Diversity, Equity & Inclusion

The masculine pronoun is used without discrimination and solely for the purpose of making the text easier to read. P&WC is an equal opportunities employer, seeking to promote diversity and inclusion. We will consider applications from all qualified candidates, regardless of their race, colour, religion, sexual orientation, gender, nationality, age, disability, veteran status or any other status protected by law.

RTX is An Equal Opportunity/Affirmative Action Employer. All qualified applicants will receive consideration for employment without regard to race, color, religion, sex, sexual orientation, gender identity, national origin, disability or veteran status, age or any other federally protected class.

Privacy Policy and Terms:

Click on this link to read the Policy and Terms",Pratt & Whitney,Longueuil
Vehicle Analyst,"Company Description


Accelerate your career with a fast-growing global engineering group. At SEGULA Technologies, you'll work on exciting projects and help shape the future in a company where innovation goes hand in hand with engineering.

3D printing, augmented reality, autonomous vehicles, the factory of the future... these are the daily rhythms of our 10,000 ingenious employees, so why not yours?

Whether next door or on the other side of the world, at SEGULA Technologies you'll find the opportunity that will give new meaning to your career!


Job Description


Our Quality Team is seeking a Vehicle Analyst to join our team within the automotive industry, dedicated to ensuring the achievement of all project quality targets, managing launch timelines and deliverables, and facilitating the seamless transition to high-quality volume production.

Specific Responsibilities include, but are not limited to:

Validating product and process design and assembly at the geometric level within the assigned scope (Quality Assurance Fixtures management).
Participating in the development of the geometric monitoring plan at the Assembly line.
Ensuring the convergence of geometric quality in the industrialization phase before volume production.
Reporting component and assembly quality issues, actively participating in activities to resolve issues related to design, part conformity, and manufacturing.
Conducting analyses, identifying quality optimization solutions, defining pilots for each issue, and facilitating communication to ensure conformity to BCI Key Performance Indicators (KPIs).
Reading part dimensional data and resolving interior fit and finish issues.
Leading coordination activities with other company organizations such as HMI, Corp Quality, SQ & Perceived Quality related to Interior Execution.
Conducting high-level presentations requiring proficiency in Excel, PowerPoint, and excellent communication skills.

Qualifications

Minimum of a Bachelor of Science degree in Mechanical or Electrical Engineering or equivalent (Materials/Chemical/Civil/Aerospace)
Minimum of 3-5 years' experience in automotive areas of Product Engineering, Manufacturing, Supplier Quality, and/or Product Quality.
Knowledge of Advanced Product Quality Planning (APQP), Production Part Approval Process (PPAP), and Supplier Quality Manual.

• Proficiency in statistical data analysis, metrology principles, and Root Cause Analysis methods. • Knowledge of defect resolution, escalation processes, and follow-up.

Understanding of metrology principles and proficiency in statistical analysis and process control.
Understanding of vehicle design, assembly, and process control.
Familiarity with tooling and in-plant processes.
Strong analytical, problem-solving, and communication skills with the ability to work with cross-functional teams.
Ability to develop an action plan and drive procedures for issue resolution.
Self-motivated, able to meet deadlines, and capable of working effectively with cross-functional teams.
Strong analytical and communication skills, along with the ability to develop action plans and drive procedures for issue resolution.

Additional Information


SEGULA TECHNOLOGIES is a company committed to diversity, and we recognize and recruit all kinds of talent.",Segula Technologies,Windsor
Pavement Analyst - Infrastructure Management & Pavement Engineering,"Pavement Analyst - Infrastructure Management & Pavement Engineering - ( 240001PN )

Description

We are strategizing, planning, and implementing projects that help clients achieve their organization’s objectives. Join our award-winning program management team and bring transformational project solutions to life.

Your Opportunity

Stantec’s Infrastructure Management and Pavement Engineering (IMPE) Group is a recognized leader in pavement engineering, integrated infrastructure /asset management consulting, and related data collection activities.

We have vast experience in pavement engineering and management, providing clients with sustainable pavement solutions. We are well-recognized through projects successfully completed throughout North America and abroad.

Our team based in Southern Ontario is seeking a Pavement Analyst who will provide their technical expertise and will work closely with a team of Pavement Engineers and Project Managers focused on collaboration, integrated design, client service and business success.

Your Key Responsibilities

In this role, you will be accountable to various Project Managers who manage pavement data collection, pavement engineering and pavement management projects across North America. Our clients range from municipalities to provincial/State transportation departments and the private sector. Key responsibilities include (but are not limited to):

Supporting Project Managers with pavement management tasks, including project setup, data review and management, data loading, pavement management model development, data analysis, and report writing.
Assist with client management and act as client liaison when required.
Managing and organizing field and spatial data to ensure quality and consistency.
Pavement data quality control, including daily field data checks.
Preparing for field surveys including route planning.
Processing pavement condition data: assets, images, distress, roughness, and GPS data.
Working with spatial data in GIS and writing queries.
Coordinating with team members and project managers to assemble data packages for delivery to clients.
Loading, analyzing, and documenting pavement performance and sectional attribute data.
Assisting in preparing pavement management reports.

Qualifications

Your Capabilities and Credentials

Strong problem-solving abilities and attention to detail are essential.
Exposure to analytical data and proficiency in working with MS Excel, MS Access, GIS, geospatial databases, and overall understanding of database management are essential.
Knowledge of FME software and/or experience with programming is considered an asset.
Capable of working both independently and in a team environment.
Time-management skills – ability to work under pressure with dynamic deadlines.
Knowledge of relevant AASHTO and ASTM Standards related to asphalt and pavements is considered an asset.
Experience with pavement management software is considered an asset.
Well-developed written communication skills in the preparation of technical reports, correspondence and proposals are considered an asset.

Education and Experience

Bachelor’s degree in an Engineering field, GIS, Database Management, or Technical degree/diploma/certificate or equivalent in related field.
2 years of relevant consulting experience within the civil/pavement engineering disciplines.
A Master’s or Ph.D. in Pavement Engineering will be considered in lieu of work experience.

Typical office environment working with computers and remaining sedentary for long periods of time. Field work may include exposure to the elements including inclement weather.

This description is not a comprehensive listing of activities, duties or responsibilities that may be required of the employee and other duties, responsibilities and activities may be assigned or may be changed at any time with or without notice.

Stantec is a place where the best and brightest come to build on each other’s talents, do exciting work, and make an impact on the world around us. Join us and redefine your personal best.

Benefits Summary: Regular full-time and part-time employees will have access to health, dental, and vision plans, a well-being program, health care spending account, wellness spending accounts, group registered retirement savings plan, employee stock purchase program, group tax-free savings account, life and accidental death & dismemberment (AD&D) insurance, short-term/long-term disability plans, emergency travel benefits, tuition reimbursement, professional membership fee coverage, and paid time off.

Temporary/casual employees will have access to group registered retirement savings plan, employee stock purchase program, and group tax-free savings account.

The benefits information listed above may not apply to union positions because benefits for such positions are governed by applicable collective bargaining agreements.

Primary Location : Canada-Ontario-Waterloo

Other Locations : Canada

Organization : BC-1620 Transpt-CA Ontario West IMPE

Employee Status : Regular

Job Level : Individual Contributor

Travel : Yes, 20 % of the Time

Schedule : Full-time

Job Posting : Apr 17, 2024, 11:11:28 AM

Req ID: 240001PN

Stantec provides equal employment opportunities to all qualified employees and applicants for future and current employment and prohibit discrimination on the grounds of race, color, religion, sex, national origin, age, marital status, genetic information, disability, protected veteran status, sexual orientation, gender identity or gender expression. We prohibit discrimination in decisions concerning recruitment, hiring, referral, promotion, compensation, fringe benefits, job training, terminations or any other condition of employment. Stantec is in compliance with local, state and federal laws and regulations and ensures equitable opportunities in all aspects of employment. EEO including Disability/Protected Veterans",Stantec,Waterloo
Sr Synthetic Aperture Radar (SAR) Processing Analyst,"Building the space between proven and possible, MDA Space (TSX:MDA) is a trusted mission partner to the global space industry. A robotics, satellite systems and geointelligence pioneer with a 55-year+ story of world firsts and more than 450 missions, MDA Space is a global leader in communications satellites, Earth and space observation, and space exploration and infrastructure. The MDA Space team of more than 3,000 space experts in Canada, the US and the UK has the knowledge and know-how to turn an audacious customer vision into an achievable mission – bringing to bear a one-of-a-kind mix of experience, engineering excellence and wide-eyed wonder that’s been in our DNA since day one. For those who dream big and push boundaries on the ground and in the stars to change the world for the better, we’ll take you there.

Are you ready to launch the next stage of your career in the new space economy? We would love to hear from you!

The Position

We are on the hunt for a Senior Synthetic Aperture Radar (SAR) Processor Analyst at our Richmond, BC, Canada office, to be a part of the next generation of Earth Observations space missions.

From detecting changes in fragile ecosystems to monitoring northern ice floes and shipping routes, our near-real time Earth observation data makes our Geointelligence team a leader in geospatial imagery, ground stations, enterprise geospatial systems and defence programs. You will join our remote sensing team that has 30+ years of experience delivering commercial and government projects such as RADARSAT-2, RapidEye, Sapphire, CASSIOPE, RADARSAT Constellation Mission and now the CHORUS Constellation of SAR satellites.

Role

This is a role suited for an ambitious professional wanting to solve complex problems and develop novel algorithms that contribute to the betterment of our world. You will contribute to our world leading Synthetic Aperture Radar processors by developing novel signal processing algorithms that generate high value imagery and real-time actionable intelligence for our customers.

Responsibilities

As a Senior Synthetic Aperture Radar (SAR) Processor Analyst, you may have a wide range of responsibilities that include:

Develop novel signal processing algorithms to push the boundaries of SAR performance (resolution, swath width, Moving Target Indication (MTI) and more);
Design, develop, maintain and enhance high quality SAR processor models and prototypes using current best practices in architecture and software development;
Participate in trade-off studies and find solutions to ensure algorithms are implementable on real hardware (processor and radar HW);
Investigate, troubleshoot, determine root causes and mitigate signal processing errors or induced artefacts in SAR image products;
Performs system level analyses and develops models to predict and test system performance;
Develops solutions to improve image quality;
Develops and executes calibration plans for SAR missions;
Coordinates SAR processing requirements and development with other stakeholders (payload team, applications, business development);
Generates clear and thorough written reports documenting complex algorithms and technical performance; and
Mentoring and coaching of junior team members.

Required Experience:

Undergraduate degree or higher in Electrical Engineering, Engineering Physics, Math, Physics, or a combination of related education and experience;
8 years of experience working in an engineering or technical environment or 4 years with a relevant post graduate degree ;
6 or more years working on complex signal processing systems (e.g. Radar, Medical Imaging, Sonar, etc);
Solid understanding of the principles and practices concerning the design of high speed and high throughput data analysis and transmission;
Ability and knowledge to work with MATLAB, Python or C++;
Self-starter with the ability to perform in a dynamic working environment;
Possess excellent problem solving skills;
Excellent interpersonal, verbal and written communication skills to explain concepts to wide-ranging audiences (e.g. technical team, sales team, executives, customers, etc); and
The ability to work within a large organization and understand dependencies and stakeholder needs.

Desired Experience:

A post-graduate degree in a field involving complex signal processing;
Appreciation of SAR remote sensing, including system design, operation, applications/exploitation and calibration;
Appreciation for satellite based SAR Payload design and operations;
Appreciation and understanding of modern software development methodologies;
Experience in different types of engineering life cycles as applicable from large complex programs to software development;
Appreciation for algorithm implementation on FPGA;
Ability to learn new technologies and space borne remote sensing domain knowledge quickly; and
A strong understanding of geospatial data.

We’re a dream team of purpose-driven, collaborative and passionate people, and we are constantly looking for others to join #TeamMDA to ignite new and innovative approaches to problem-solving that push us forward to improve life on and above Earth. If you’re excited to expand our place in space and driven to inspire the next generation, we’ll take you there.

We have entered a new era of exploration and development, and MDA welcomes all who yearn to suit up and be part of it. An equal opportunity employer prizing diversity, integrity and collaboration, we are committed to growing MDA’s and Canada’s leadership in this next golden age.

The compensation range for this position is $98,000 - $144,100 annually. The specific compensation offered will be based on the qualifications and experience of the successful candidate.

Comments/Special Considerations:

Successful candidates must obtain and hold security clearance at the RELIABILITY status level, and pass security assessment for the Controlled Goods Program (CGP).

MDA provides competitive compensation and benefits packages for its employees at all locations. As a team member of MDA, you and your qualified dependents are eligible to participate in a benefit plan that ensures a comprehensive level of protection through competitive health care including; extended healthcare and flexible drug plans, dental and vision benefits, disability income protection, life insurance, group retirement savings plans; and an employee and family assistance program.

MDA is an equal opportunity employer prizing diversity and inclusion. We are committed to treating all employees and applicants for employment with respect and dignity. If you require assistance and/or reasonable accommodation due to a disability during the application or the recruiting process, please feel free to notify us.

#LI-Hybrid #IND #LI-EP1",MacDonald Dettwiler & Associates Inc.,Richmond
Bi-Lingual Construction Project Manager,"Construction Project Manager (Bilingual - English/French)

Baycrest Project & Construction Management, Toronto




Baycrest has been rapidly growing over the past few years and are looking for an

experienced Project Manager to join our team. As a project manager, you will oversee

the planning, execution, and delivery of projects. Key Deliverables in the role will be to

ensure projects are delivered on time and in budget, meeting team quarterly performance

objectives and ensuring a great customer experience.




Responsibilities

Review and understand the project drawings and specifications/scope of work for each project
Interpret building plans, regulations and building codes to direct the progress of work and monitor compliance with construction documents
Liaise with project managers, designers, engineers, clients, and governing authorities to achieve the scope of work
Ensure contract objectives, policies, procedures, and performance standards are met in accordance with company policy and contract specifications
Monitor and lead the progress of construction to ensure the project is completed on time and within budget, jointly with the project supervisor.
Follow fiscal policy set by management
Complete a cost budget analysis for each project and continually review project cost
reports within the company’s accounting software
Complete monthly progress draws to align with sub-contractor progress payments and the Construction Act, R.S.O. 1990, c. C.30.
Complete approvals for AP processing
Understand client drivers and offer value engineering
Provide superior and utmost service to clients, suppliers and other stakeholders by responding professionally and with a sense of urgency
Lead construction progress meetings as required
Create and update the project schedules as required to ensure project milestones and project deliverables are met; follow the critical path
Negotiate and issue sub-contracts and purchase orders
Understand, communicate and enforce the contract and contract documents
Review, track and monitor shop drawings and material lead times
Mitigate any issues that may arise during the course of a project
Provide all building inspection documents and coordinate inspections with City
Inspectors to ensure the closure of permits have been completed
Complete the overall project closeout
Meet key targets and KPI’s set by management
Report and communicate project updates to all project stakeholders
Participate in the completion of Prequalification’s, Tenders and RFP’s
Report to the Director of Project Operations and Management team on a weekly basis on the status of your projects and ensuring monthly revenue targets are met
Ensure all site activity is completed in accordance with health and safety regulations
Be aware of the applicable legislation and company procedures
Ensure that workers comply with the Occupational Health and Safety Act, applicable regulations and the company’s policy and program.



Skills & Experience

Preferably certificate, diploma or degree in Civil Engineering and/or Construction Project Management
6+ years related experience in the ICI Construction Industry
Capable of reading and understanding construction drawings and documents
Strong knowledge of construction processes through all phases – startup through construction and closeout
Proactively identify problems / issues and develop effective solutions
Proficient in Microsoft Office including Outlook, Excel, PowerPoint, Microsoft Project - Project management software (an asset)
Confidence and professionalism to communicate effectively with clients, designers, subcontractors and peers
Self- motivated with the ability to take initiative and work in a fast-paced environment, handling competing demands
Highly organized, detail oriented, solid time-management skills
Knowledge of COR Health & Safety Certification system an asset
Knowledge of Procore an asset
Works well with others and the ability to work under minimal supervision
Ability to work under pressure
Must hold a valid driver’s licence and access to reliable transportation
Must be fluent in French and English (written and verbal communication)



Employment Type

Full-time",Baycrest Project & Construction Management,Toronto
